Name,% Docs Cited,Web of Science Documents,Collab-CNCI,Rank,Times Cited,Affiliation,Web of Science ResearcherID,Category Normalized Citation Impact,ORCID,All Open Access Documents,Non-Open Access Documents,% All Open Access Documents,H-Index,% Non-Open Access Documents,Hot Papers
"Chiu, Dickson K. W.",100.0,5,2.59816,1,194,Lingnan University; University of Hong Kong; University of Guam; Hongkong Univ; University of Tsukuba; City University of Hong Kong; Hong Kong Baptist University; Dickson Comp Syst; Hong Kong Polytechnic University; Dickinson Comp Sys; Hong Kong University of Science & Technology; Dickson Comp; Chinese University of Hong Kong; Dickinson Comp Syst; Dickson Comp Sys; Eastbourne Dist Gen Hosp; Dickson Computing syst,B-9630-2017,2.72146,0000-0002-7926-9568,0,5,0.0,5,100.0,0
"kim, y",100.0,3,1.8033333333333335,2,110,University of Southern California; Children's Hospital Los Angeles; University of Oklahoma - Tulsa; University of Oklahoma System; University Southern California Hospital; Seoul National University (SNU); Soonchunhyang University; Korea Institute of Geoscience & Mineral Resources (KIGAM); University of Michigan; University of Michigan System; University of Ulsan; University of Oklahoma - Norman; CHLA USC; Asan Medical Center; Boston Children's Hospital; Harvard University Medical Affiliates; Harvard University; Sch Informat,AAR-6095-2020,1.3314333333333335,0000-0003-3793-6438,1,2,33.33,3,66.67,0
"Lam, Ernest",100.0,2,2.1301,3,100,Epic Sci; Hong Kong Polytechnic University; Hong Kong Acad Performing Arts; University of Hong Kong,KFA-6459-2024,2.73625,,0,2,0.0,2,100.0,0
"Abbas, June",100.0,1,4.4824,4,92,"University of Oklahoma - Norman; University of Oklahoma System; University at Buffalo, SUNY; State University of New York (SUNY) System",AAD-1062-2019,3.2508000000000004,0000-0001-8509-6061,0,1,0.0,1,100.0,0
"Lam, Apple H. C.",100.0,2,3.2319000000000004,5,85,University of Hong Kong,GDD-9519-2022,3.2605500000000003,0000-0002-2587-6979,0,2,0.0,2,100.0,0
"Choi, Namjoo",100.0,3,1.8332333333333333,6,76,University of Kentucky,DVI-5069-2022,1.3821333333333332,0000-0002-2281-5046,0,3,0.0,3,100.0,0
"Joo, Soohyung",100.0,3,1.8332333333333333,6,76,University of Kentucky; University of Wisconsin Milwaukee; University of Wisconsin System,CVY-9715-2022,1.3821333333333332,,0,3,0.0,3,100.0,0
"Cheng, Wesley Wing Hong",100.0,1,2.6561,8,51,University of Hong Kong,CLL-2542-2022,2.68,,0,1,0.0,1,100.0,0
"Au, Cheuk Hang",100.0,1,1.6041,9,49,Edith Cowan University; National Chung Cheng University; University of Sydney; Dept Informat Management; Chinese University of Hong Kong,FZM-3033-2022,2.7925,0000-0002-2121-8573,0,1,0.0,1,100.0,0
"Baek, Tae Hyun",100.0,1,2.9963,10,46,Sungkyunkwan University (SKKU); University of Kentucky; Indiana University System; Indiana University Southeast; University of Georgia; University System of Georgia,JGD-1912-2023,2.1918,0000-0003-2000-698X,0,1,0.0,1,100.0,0
"Chan, TTC",100.0,1,3.3905000000000003,11,45,University of Hong Kong,CKH-1618-2022,2.3647,,0,1,0.0,1,100.0,0
"Jones, Michael J",100.0,1,2.3019000000000003,12,42,Barton Peveril Sixth Form Coll,HNI-9432-2023,2.3936,,0,1,0.0,1,100.0,0
"Harvey, Morgan",100.0,1,2.3019000000000003,12,42,University of Sheffield; Virginia Polytechnic Institute & State University; Naval Medical Center San Diego; United States Navy; United States Department of Defense; Northumbria University; Universita della Svizzera Italiana; Portland State University; University of Erlangen Nuremberg; University of Strathclyde,DXB-3038-2022,2.3936,0000-0001-5504-2089,0,1,0.0,1,100.0,0
"Ireland, Ashley",100.0,1,1.7207000000000001,14,41,Murray State University,B-4949-2009,1.8936000000000002,0000-0001-6999-3053,1,0,100.0,1,0.0,0
"Hackathorn, Jana",100.0,1,1.7207000000000001,14,41,Murray State University; Saint Louis University,EXZ-8686-2022,1.8936000000000002,,1,0,100.0,1,0.0,0
"Murray, Adam",100.0,1,1.7207000000000001,14,41,James Madison University; Murray State University,GCF-1732-2022,1.8936000000000002,0000-0002-6294-2031,1,0,100.0,1,0.0,0
"Ho, Kai Wing Kevin",100.0,1,3.0733,17,40,University of Tsukuba; University of Guam; Hong Kong University of Science & Technology,E-8297-2013,4.1564000000000005,0000-0003-1304-0573,0,1,0.0,1,100.0,0
"Sørensen, Kristian Møhler",100.0,3,0.6059333333333333,17,40,University of Southern Denmark,ABH-4048-2020,0.46026666666666677,0000-0001-6569-390X,0,3,0.0,2,100.0,0
"Wang, Yuan",100.0,1,0.9885,19,39,Tsinghua University; Tsinghua Shenzhen International Graduate School; Beijing Natl Res Ctr Informat Sci & Technol BNRis; Air Force CPLA; Guizhou University,OGL-1570-2025,1.9317000000000002,,0,1,0.0,1,100.0,0
"Han, Lifeng",100.0,1,0.9885,19,39,Tsinghua University,C-9847-2012,1.9317000000000002,0000-0001-8412-2344,0,1,0.0,1,100.0,0
"Luo, Li-li",100.0,1,0.9885,19,39,"Fourth Peoples Hosp Nanning; Chinese Academy of Agricultural Sciences; Biotechnology Research Institute, CAAS; Third Hosp Mianyang; Sichuan University; Huazhong University of Science & Technology; Hubei Clin & Res Ctr Thrombosis & Haemostasis; Lanzhou University; Capital Medical University; Nanjing University of Chinese Medicine; Children Sichuan Univ; Anhui University of Chinese Medicine; Tianjin Medical University; San Jose State University; California State University System; China Agricultural University; Suzhou Institute of Trade & Commerce (SITC); South China University of Technology; Duanbolan Hlth Ctr Jimo Dist; Sci & Technol Innovat Pk; Jiangxi Normal University; Beijing Municipal Key Lab Clin Epidemiol; Xiamen University; Hubei Clin Med Ctr Cell Therapy Neoplast Dis; Key Lab Biol Targeted Therapy Hubei Prov; Shantou University; Fujian Medical University; Harbin Medical University; West China Second Univ Hosp; Jilin University; Northwest A&F University - China; Chinese Academy of Engineering Physics; Sun Yat Sen University; State Key Lab Oncology South China; Chinese Academy of Sciences; Institute of Geographic Sciences & Natural Resources Research, CAS; Inst Res Design Librarianship; Zhengzhou Normal University; Hubei Clin & Res Ctr Thrombosis & Hemostasis; Chongqing Normal University; Inst Res Design Librarianship IRDL; Qingdao University; Guizhou University of Traditional Chinese Medicine; Nanchang University; Wenzhou Medical University; Southern Zhejiang Water Res Inst iWATER; Guangdong Pharmaceutical University; Shaanxi Inst Int Trade & Commerce; San Jose CA State Univ; China National Rice Research Institute, CAAS; Hangzhou Normal University; Weifang Tradit Chinese Med Hosp; Sci & Technol Surface Phys & Chem Lab; Natl Assoc Social Workers; Beijing Normal University; Hebi Coll Vocat & Technol; Gansu Agricultural University; Southwest University - China; University of North Carolina; University of North Carolina Chapel Hill; Dalian University of Technology",KFP-2086-2024,1.9317000000000002,,0,1,0.0,1,100.0,0
"Stemmer, John",100.0,1,1.3010000000000002,22,31,Bellarmine University,CCT-6056-2022,1.4317,,1,0,100.0,1,0.0,0
"Mahan, David M.",100.0,1,1.3010000000000002,22,31,University of Florida; State University System of Florida; Manhattan University,FJA-1257-2022,1.4317,,1,0,100.0,1,0.0,0
"Yao, Fei",100.0,1,1.7870000000000001,24,30,Tsinghua University; Tsinghua Shenzhen International Graduate School; Jinan University; Shenzhen Eye Hospital; Luoyang Elect Equipment Testing Ctr; Beijing University of Chemical Technology; Hunan University; Tiangong University,IPT-8530-2023,1.3442,,0,1,0.0,1,100.0,0
"Bruce, Christine S",100.0,1,2.4194,24,30,James Cook University; University Health Network Toronto; University of Toronto; UK Health Security Agency (UKHSA); Sinai Health System Toronto; Lunenfeld Tanenbaum Research Institute; UK Higher Educ Acad; University of Southern Queensland; Queensland University of Technology (QUT); Higher Educ Acad; Res Training Sci & Engn Fac; Univ Higher Educ Res Network; University of Manitoba; York University - Canada; Public Health England,A-3827-2012,1.6314000000000002,0000-0002-5809-0702,0,1,0.0,1,100.0,0
"Chen, W.",100.0,1,1.7870000000000001,24,30,Tsinghua University; NCS Testing Technol Co Ltd; China Iron & Steel Research Institute Group; State Grid Corporation of China,IJP-8864-2023,1.3442,,0,1,0.0,1,100.0,0
"Harland, Fiona",100.0,1,2.4194,24,30,Queensland University of Technology (QUT),GFM-4605-2022,1.6314000000000002,0000-0002-3178-734X,0,1,0.0,1,100.0,0
"Stewart, Glenn",100.0,1,2.4194,24,30,University of Sydney; Royal North Shore Hospital; Griffith University; Mayo Clinic; Enfield Borough Council; Sch Hlth Sci & Social Work; Prince Charles Hospital; Griffith University - Gold Coast Campus; California State Polytechnic University Pomona; California State University System; Menzies Health Institute Queensland; Queensland University of Technology (QUT); London Borough Enfield; Concord Repatriation General Hospital; Concord Gen & Repatriat Hosp; W Coast Eagles Football Club,JJU-7768-2023,1.6314000000000002,,0,1,0.0,1,100.0,0
"Kwon, Nahyun",100.0,2,0.5155000000000001,24,30,Seoul National University (SNU); Ulsan National Institute of Science & Technology (UNIST); Myongji University; Ewha Womans University; Nagoya University; Japan Society for the Promotion of Science; University of Queensland; University of South Florida; State University System of Florida,MPQ-7999-2025,0.8222,,2,0,100.0,2,0.0,0
"Zhang, Chengyu",100.0,1,1.7870000000000001,24,30,"Dongguan University of Technology; Shandong University; Minist Educ; Northwestern Polytechnical University; Shanghai University; University of Chinese Academy of Sciences, CAS; RCEES IMCAS UCAS Joint Lab Microbial Technol Envir; East China University of Science & Technology; Chinese Academy of Sciences; Institute of Microbiology, CAS; Tiangong University; Shanxi Normal University; Jiangnan University; Southwest Medical University; Jilin University; Binzhou Inst Technol; King's College London; University of London; Guizhou Wire Rope Co Ltd; Cell Therapy & Cell Drugs Luzhou Key Lab; South Sichuan Inst Translat Med; Minist Ind & Informat Technol; Nanjing University of Aeronautics & Astronautics; Fujian Institute of Research on the Structure of Matter, CAS; Fujian Normal University; Hunan University; Sun Yat Sen University; Guangdong Pharmaceutical University; Soochow University - China; Beijing University of Technology; Anhui University of Technology; National University of Singapore; Shanghai Jiao Tong University; Guizhou Steel Rope Grp Co Ltd; Nanjing Forestry University; Qilu University of Technology; Shandong Inst Mech Design & Res; Hubei Engineering University; Hubei Engn Res Ctr Key Technol Modern Paper & San; Shanghai Ocean University; Wuhan Polytechnic University; Peoples Hosp Jiangbei Dist; Beijing Normal University; Institute of Metal Research, CAS; University of Science & Technology of China, CAS; Beijing Institute of Technology; North Automat Control Technol Inst; Northeastern Univ; Fujian Agriculture & Forestry University; Wuhan University of Technology; University College London; Institute of Biophysics, CAS; Capital Medical University; RCEES IMCAS UCAS Joint Lab Microbial Technol Envi; Yangzhou University; Southeast University - China; Hunan Normal University; Zhejiang Sci-Tech University; Beijing Forestry University; Tianjin University; Nanjing Tech University; Inst Flexible Elect Technol THU; Jiaxing Key Lab Flexible Elect based Intelligent S; Jiaxing Key Lab Flexible Elect Based Intelligent; Shenyang University of Technology; Nanjing Agricultural University; Xia Commun Technol; MIIT; Tianjin University of Traditional Chinese Medicine; China Pharmaceutical University; Geely; Shihezi University; Henan Agricultural University; Anhui University; Technical University of Munich; Shenyang Aerospace University; Alicmgbei Dist Peoples Hosp; Beijing Jiaotong University; Hebei University of Engineering; Zhejiang University; Qingdao Binhai University; Sichuan University; Chinese Academy of Agricultural Sciences; Lanzhou Veterinary Research Institute, CAAS; Tsinghua University; Peking University; Peking University Shenzhen Graduate School (PKU Shenzhen); Luebeck University of Applied Sciences; Nanjing Medical University; Liao He Oilfield; Beihang University; Nanjing University; Mudanjiang Medical University",JWG-7717-2024,1.3442,0000-0002-2735-3805,0,1,0.0,1,100.0,0
"Audunson, Ragnar",100.0,1,0.6604,31,28,Oslo Metropolitan University (OsloMet); University of Oslo; Oslo Metropolitan Coll; Norwegian Res Councils; European Org Educ & Res LIS; IFLA Standing Comm; Organizing Comm IFLA,GCK-2016-2022,1.2858,0000-0003-3617-9498,1,0,100.0,1,0.0,0
"Huysmans, Frank",100.0,1,0.6604,31,28,University of Amsterdam; Social & Cultural Planning Off,GEJ-6118-2022,1.2858,0000-0002-3468-9032,1,0,100.0,1,0.0,0
"Oomes, Marjolein",100.0,1,0.6604,31,28,Koninklijke Bibliotheek; Netherlands Inst Publ Lib SIOB; Netherlands Inst Publ Lib; Prov Serv Org Lib Cubiss,FOK-1366-2022,1.2858,,1,0,100.0,1,0.0,0
"Aabo, Svanhild",100.0,1,0.6604,31,28,Oslo Metropolitan University (OsloMet); Norwegian Natl Lib,EKR-9758-2022,1.2858,,1,0,100.0,1,0.0,0
"Vakkari, Pertti",100.0,1,0.6604,31,28,Tampere University,AAJ-6715-2021,1.2858,0000-0002-4441-5393,1,0,100.0,1,0.0,0
"Sin, Sei-Ching Joanna",100.0,1,0.6604,31,28,Nanyang Technological University; University of Wisconsin Madison; University of Wisconsin System,G-5749-2010,1.2858,0000-0003-2432-4993,1,0,100.0,1,0.0,0
"Rowley, Jennifer",100.0,1,1.1546,37,24,Manchester Metropolitan University; Southampton Childrens Hosp; University of Southampton; British Comp Soc; Chartered Management Inst; Aston University; Bangor University,DWX-2289-2022,0.9447000000000001,0000-0003-3756-5438,0,1,0.0,1,100.0,0
"Vasileiou, Magdalini",100.0,1,1.1546,37,24,Manchester Metropolitan University,ITZ-9536-2023,0.9447000000000001,,0,1,0.0,1,100.0,0
"Yi, George",100.0,1,0.46940000000000004,39,20,Charles Sturt University; Xima High Sch; 1 Qianyang Senior High Sch; Guangdong University of Technology; Hepo Senior High Sch Jiexi Cty; Chinese Amer Librarians Assoc CALA; Australian Lib & Informat Assoc; Texas Womans University; Southern Connecticut State University; Connecticut State University System,AAQ-2715-2021,0.9237000000000001,,0,1,0.0,1,100.0,0
"Stvilia, Besiki",100.0,1,1.5323,40,19,Florida State University; State University System of Florida,S-3519-2019,1.0332000000000001,0000-0002-2428-6627,0,1,0.0,1,100.0,0
"Gibradze, Leila",100.0,1,1.5323,40,19,Florida State University; State University System of Florida,DYD-8936-2022,1.0332000000000001,0000-0002-7469-1479,0,1,0.0,1,100.0,0
"Ihejirika, Kingsley T.",100.0,2,0.7579,42,18,Victoria University Wellington,CUQ-3146-2022,0.66305,,0,2,0.0,2,100.0,0
"Garoufallou, Emmanouel",100.0,1,0.4304,43,17,International Hellenic University; Veria Cent Publ Lib,CQS-5464-2022,0.24650000000000002,,0,1,0.0,1,100.0,0
"Vassilakaki, Evgenia",100.0,1,0.4304,43,17,EIOPA; Natl Lib Greece; University of West Attica; Manchester Metropolitan Univ0,GEX-0665-2022,0.24650000000000002,0000-0003-3767-4335,0,1,0.0,1,100.0,0
"Ely, Eric R.",100.0,1,1.6065,43,17,University of Wisconsin Madison; University of Wisconsin System; Animal & Plant Health Agency UK; Anim Hlth & Vet Labs Agcy AHVLA; Veterinary Laboratories Agency,DVG-2279-2022,1.1595,0000-0002-6479-2751,1,0,100.0,1,0.0,0
"Goulding, Anne",100.0,1,1.1302,46,15,Victoria University Wellington; Te Herenga Waka Victoria Univ Wellington; EyeKor; OSOD LLC; Ocular Serv Demand OSOD LLC; University of Wisconsin Madison; University of Wisconsin System; OSOD Ocular Serv Demand LLC; Loughborough University,GCQ-4048-2022,0.7882,0000-0001-7961-5873,0,1,0.0,1,100.0,0
"Calvert, Philip J.",100.0,1,1.1302,46,15,Victoria University Wellington,GXK-8779-2022,0.7882,0000-0002-8116-4976,0,1,0.0,1,100.0,0
"Wu, Ko-Chiu",100.0,1,1.0486,48,14,National Taipei University of Technology,CHD-9627-2022,1.0122,,0,1,0.0,1,100.0,0
"Harper, Lindsey M.",100.0,1,0.7673,48,14,Marshall University; Marshall Univ Lib,DYI-8501-2022,0.7979,0000-0001-5065-4502,0,1,0.0,1,100.0,0
"Shim, J.",100.0,1,2.1498,48,14,Yonsei University; Seoul National University Hospital; Seoul National University (SNU); Yonsei University Health System,DST-3009-2022,2.2302,,0,1,0.0,1,100.0,0
"Park, Ji Hong",100.0,1,2.1498,48,14,Kangwon National University; Yonsei University; Korea Institute of Science & Technology (KIST); Samsung Medical Center; Korea Disease Control & Prevention Agency (KDCA); Sungkyunkwan University (SKKU); Korea CDC Center for Disease Prevention; Korea Natl Def Univ; Korea Advanced Institute of Science & Technology (KAIST); Hallym University; Jeonbuk National University; Royal Anim Med Ctr; Syracuse University,JPT-9708-2023,2.2302,0000-0001-5403-9750,0,1,0.0,1,100.0,0
"Yang, Tsung-Ying",100.0,1,1.0486,48,14,Mackay Medical University; Waseda University; Kaohsiung Medical University; Taichung Veterans General Hospital; National Chung Hsing University; I Shou University; Taiwan Union Lab Gem Res Taipei; National Cheng Kung University; Taiwan Union Lab Gem Res; Microsoft Taiwan Corp; National Chiayi University; China Medical University Taiwan; National Yunlin University Science & Technology; National Tsing Hua University,FZQ-7233-2022,1.0122,0000-0001-8579-0299,0,1,0.0,1,100.0,0
"Faulkner, Ashley E.",100.0,1,1.0433000000000001,48,14,Princeton University; Texas A&M University System; Texas A&M University College Station,EXY-4234-2022,0.7085,,0,1,0.0,1,100.0,0
"Moore, Anne C.",100.0,1,0.9795,54,13,University College Cork; Natl Inst Bioproc Res & Training; Natl Inst Bioproc Res & Training NIBRT; University of North Carolina Charlotte; University of North Carolina; University of South Dakota; University of Massachusetts Amherst; University of Massachusetts System,LOA-8542-2024,0.6831,0009-0002-8869-4280,0,1,0.0,1,100.0,0
"Croxton, Rebecca A.",100.0,1,0.9795,54,13,Colorado State University Fort Collins; Colorado State University System; University of North Carolina Charlotte; University of North Carolina; University of North Carolina Greensboro; Johnson & Wales University,KIE-9321-2024,0.6831,0000-0002-2045-5251,0,1,0.0,1,100.0,0
"Black, Elizabeth L. L",100.0,1,0.8788,54,13,Ohio State University; University System of Ohio,B-1696-2013,0.6439,0000-0002-5018-7219,1,0,100.0,1,0.0,0
"Murphy, Sarah A.",100.0,1,0.8788,54,13,Massachusetts General Hospital; Harvard Medical School; Harvard University Medical Affiliates; Brigham & Women's Hospital; Baylor College Medical Hospital; Baylor College of Medicine; Soc Vasc Surgery; Ohio State University; University System of Ohio; Massachusetts Gen Hosp Children; University of Toronto; Amer Orthopaed Assoc; University of South Carolina Columbia; University of South Carolina System; Harvard University,NLD-3598-2025,0.6439,0000-0002-7787-6890,1,0,100.0,1,0.0,0
"Aslam, Mohammad",100.0,1,1.302,58,12,Yeungnam University; Gopalganj Science & Technology University (GSTU); University of Nizwa; King Fahad Medical City; National University of Sciences & Technology - Pakistan; Drake & Scull Construct,DVN-4376-2022,0.8676,0000-0003-4852-3583,0,1,0.0,1,100.0,0
"Min, Fu",100.0,1,11.2462,59,11,Shangri la Kangmei Dairy Prod Co Ltd; Jiangsu Inst Commerce,LTQ-9090-2024,9.1393,,1,0,100.0,1,0.0,0
"Young, Philip",100.0,1,0.3381,60,10,Virginia Polytechnic Institute & State University,GFB-1102-2022,0.4374,0000-0001-8097-1592,1,0,100.0,1,0.0,0
"Pethrick, Helen",100.0,1,0.47390000000000004,60,10,University of Calgary,GDU-0926-2022,0.3557,0000-0002-9586-5095,1,0,100.0,1,0.0,0
"Ganshorn, Heather",100.0,1,0.47390000000000004,60,10,University of Calgary; Support Our Students Alberta; Taylor Family Digital Lib; Blusson Spinal Cord Ctr; Libin Cardiovascular Institute Of Alberta; Univ Calgary Lib & Cultural Resources; Hlth Informat Network Calgary,E-6423-2015,0.3557,0000-0002-0410-4232,1,0,100.0,1,0.0,0
"Sadatmoosavi, Ali",100.0,1,0.5208,60,10,Kerman University of Medical Sciences; Islamic Azad University; University of Tehran,M-9587-2016,0.5255000000000001,0000-0001-6800-3345,0,1,0.0,1,100.0,0
"Timakum, Tatsawan",100.0,1,0.7535000000000001,60,10,Chiang Mai Rajabhat University; Yonsei University,AAX-5162-2020,0.5255000000000001,0000-0002-9877-0323,0,1,0.0,1,100.0,0
"Khasseh, Ali Akbar",100.0,1,0.5208,60,10,Payame Noor University,W-4434-2017,0.5255000000000001,0000-0001-5664-4671,0,1,0.0,1,100.0,0
"Kim, Giyeong",100.0,1,0.7535000000000001,60,10,Yonsei University,FYN-9768-2022,0.5255000000000001,0000-0001-6297-639X,0,1,0.0,1,100.0,0
"song, min",100.0,1,0.7535000000000001,60,10,Yonsei University; 50 Yonsei ro; Onoma AI; Harvard University; New Jersey Institute of Technology; New Jersey Inst Technol; Air Force Engineering University; Temple University; Pennsylvania Commonwealth System of Higher Education (PCSHE),KPA-7030-2024,0.5255000000000001,0000-0003-3255-1600,0,1,0.0,1,100.0,0
"Hayden, K. Alix",100.0,1,0.47390000000000004,60,10,University of Calgary,DWE-3260-2022,0.3557,0000-0002-0057-1327,1,0,100.0,1,0.0,0
"Vilelle, Luke",100.0,1,0.3381,60,10,Hollins Univ; Univ Libraries Virginia Tech; Virginia Polytechnic Institute & State University,CDY-8177-2022,0.4374,,1,0,100.0,1,0.0,0
"Lee, Jennifer",100.0,1,0.47390000000000004,60,10,University of Calgary,DVI-0684-2022,0.3557,0000-0002-9588-8078,1,0,100.0,1,0.0,0
"Tajedini, Oranus",100.0,1,0.5208,60,10,Shahid Bahonar University of Kerman (SBUK),GCZ-0458-2022,0.5255000000000001,0000-0003-1963-2115,0,1,0.0,1,100.0,0
"Afzali, Mahin",100.0,1,0.5208,60,10,Iran Publ Lib Fdn,CAK-9205-2022,0.5255000000000001,,0,1,0.0,1,100.0,0
"Kwan, YK",100.0,1,2.2668,73,9,University of Hong Kong; Hong Kong Polytechnic University,CZE-0016-2022,1.6137000000000001,,0,1,0.0,1,100.0,0
"Arshad, Alia",100.0,1,1.5265,73,9,University of Punjab,EJH-3168-2022,1.0384,,0,1,0.0,1,100.0,0
"Mushtaq, Ayesha",100.0,1,1.5265,73,9,"Fatima Jinnah Women University (FJWU), Rawalpindi; University of Punjab; International University of Kyrgyzstan; International Higher School of Medicine (IHSM); Universal Scientific Education & Research Network (USERN); Gulab Devi Inst Pharm",LJZ-9285-2024,1.0384,0000-0001-7138-3203,0,1,0.0,1,100.0,0
"Chan, Mei Wa",100.0,1,2.2668,73,9,University of Hong Kong; Alice Ho Miu Ling Nethersole Hospital; Kwong Wah Hospital,EPN-6156-2022,1.6137000000000001,,0,1,0.0,1,100.0,0
"Stonebraker, Ilana",100.0,1,0.49710000000000004,77,7,Indiana University Bloomington; Indiana University System; Purdue University; Purdue University System,GAU-9481-2022,0.32330000000000003,0000-0002-7348-5489,0,1,0.0,1,100.0,0
"Zhang, Tao",100.0,1,0.49710000000000004,77,7,Purdue University; Purdue University System; University of Colorado at Colorado Springs; University of Colorado System,JMK-5671-2023,0.32330000000000003,0000-0002-9640-5322,0,1,0.0,1,100.0,0
"Promann, Marlen",100.0,1,0.49710000000000004,77,7,Purdue University; Purdue University System,AAF-3866-2019,0.32330000000000003,0000-0002-0702-8191,0,1,0.0,1,100.0,0
"Petersen, Jakob Heide",100.0,1,0.4521,80,6,Technical University of Denmark; Nordea Bank Denmark; Copenhagen Lib,DMR-5982-2022,0.3153,,0,1,0.0,1,100.0,0
"Manuel, Sue",100.0,1,0.2923,80,6,Natl Inst Cardiovasc Outcomes Res; Loughborough University,DXN-3579-2022,0.21200000000000002,0000-0003-2181-388X,0,1,0.0,1,100.0,0
"Vasishta, Seema",100.0,1,0.4056,80,6,Punjab Engineering College (Deemed University),GGQ-7273-2022,0.2972,,0,1,0.0,1,100.0,0
"Fraser, Melissa",50.0,2,0.7556,80,6,San Jose State Univ SJSU; San Jose State University; California State University System; Lib Parliament; Queensland University of Technology (QUT),AAN-9987-2020,0.5379,0000-0001-8063-3489,0,2,0.0,1,100.0,0
"Maluleka, Jan R.",100.0,1,0.48560000000000003,80,6,University of South Africa,DZN-9297-2022,0.6923,0000-0002-3760-8162,1,0,100.0,1,0.0,0
"Baryshev, Ruslan",100.0,1,0.4521,80,6,Siberian Federal University,AAX-2277-2021,0.3153,0000-0002-4383-2830,1,0,100.0,1,0.0,0
"Dearnley, James",100.0,1,0.2923,80,6,Loughborough University,ERO-6624-2022,0.21200000000000002,,0,1,0.0,1,100.0,0
"Adeogun, Margaret O.",100.0,1,1.0176,80,6,Andrews University; University of Lagos,CAS-2737-2022,0.6923,,0,1,0.0,1,100.0,0
"Richards, Anna",100.0,1,0.4056,80,6,Kaiser Permanente; Stronger Together; CSIRO Environment; Commonwealth Scientific & Industrial Research Organisation (CSIRO); University of Sheffield,KDX-6027-2024,0.2972,,1,0,100.0,1,0.0,0
"Walton, Graham",100.0,1,0.2923,80,6,Loughborough University; Northumbria University,DZO-1006-2022,0.21200000000000002,0000-0003-1274-9396,0,1,0.0,1,100.0,0
"Atuase, Diana",100.0,1,0.48560000000000003,80,6,University of Cape Coast; Univ Coast; University of South Africa,EOV-1401-2022,0.6923,,1,0,100.0,1,0.0,0
"Sen, Barbara Anne",100.0,1,0.4056,80,6,University of Sheffield; University of Manchester; Liverpool John Moores University,DQD-9274-2022,0.2972,,1,0,100.0,1,0.0,0
"Babina, Olga",100.0,1,0.4521,80,6,Siberian Federal University,KKO-4153-2024,0.3153,,1,0,100.0,1,0.0,0
"Manushkina, Margarita M.",100.0,1,0.4521,80,6,Siberian Federal University,DFG-5156-2022,0.3153,,1,0,100.0,1,0.0,0
"Tsvetochkina, Irina",100.0,1,0.4521,80,6,Siberian Federal University,ECX-0906-2022,0.3153,,1,0,100.0,1,0.0,0
"Wang, Zheng (John)",100.0,1,0.37670000000000003,95,5,University of Notre Dame; Emory University,FXY-1919-2022,0.2627,0000-0003-3186-1527,0,1,0.0,1,100.0,0
"Chow, Lisa",100.0,1,0.37670000000000003,95,5,People Interact Consultancy; University of Waterloo; Nanyang Technological University,CJP-2391-2022,0.2627,,0,1,0.0,1,100.0,0
"Guimaraes, Anastasia",100.0,1,0.37670000000000003,95,5,University of Notre Dame; Indiana University Indianapolis; Indiana University System,DTM-3795-2022,0.2627,0000-0002-5041-4522,0,1,0.0,1,100.0,0
"Sajonas, Sandra",100.0,1,0.37670000000000003,95,5,People Interact Consultancy,DRJ-6976-2022,0.2627,,0,1,0.0,1,100.0,0
"Wu, Yang",100.0,1,0.37670000000000003,95,5,University of Notre Dame; University of Alberta,EFA-5969-2022,0.2627,,0,1,0.0,1,100.0,0
"Campbell-Meier, Jennifer",100.0,1,0.1173,100,4,Victoria University Wellington; Te Herenga Waka Victoria Univ Wellington; Simmons University; University of Alabama Tuscaloosa; University of Alabama System; North Georgia College & State University; University System of Georgia,AGO-7194-2022,0.2024,,1,0,100.0,1,0.0,0
"Gonzalez-Fernández-Villavicencio, Nieves",100.0,1,0.5859,100,4,University of Sevilla; Fac Ciencias Econ & Empresariales; Universidad Pablo de Olavide,C-1748-2013,0.616,0000-0001-8940-7429,1,0,100.0,1,0.0,0
"Velasquez, Diane L",100.0,1,0.1173,100,4,University of South Australia; Dominican Univ,E-2830-2013,0.2024,0000-0001-7183-1133,1,0,100.0,1,0.0,0
"Coleman, Jason",100.0,1,0.2247,103,3,Kansas State University,DTZ-4105-2022,0.2169,0000-0003-4167-2762,0,1,0.0,1,100.0,0
"Pankl, Lis",100.0,1,0.2247,103,3,Mississippi State University; Southern Illinois University Edwardsville; Southern Illinois University System; University of Utah; Utah System of Higher Education; 2926 E Bonnie Brae Ave,DWC-8912-2022,0.2169,0000-0002-2357-3317,0,1,0.0,1,100.0,0
"Kumar, Amit",100.0,1,0.3856,103,3,Central University of Gujarat; Mizoram University; University of Delhi,IWL-8581-2023,0.5379,0000-0003-3491-8963,0,1,0.0,1,100.0,0
"Heaton, Shelley G.",100.0,1,0.2419,103,3,University of Nevada Las Vegas; Nevada System of Higher Education (NSHE),EYK-1041-2022,0.1631,,0,1,0.0,1,100.0,0
"Yadukrishnan, T. A.",100.0,1,0.3856,103,3,Mizoram University,JBN-1796-2023,0.5379,,0,1,0.0,1,100.0,0
"Gala, Bhakti",100.0,1,0.5559000000000001,103,3,Central University of Gujarat,W-5944-2019,0.5379,0000-0002-3512-9395,0,1,0.0,1,100.0,0
"Lo, Leo S.",100.0,1,0.2247,103,3,University of New Mexico; Pennsylvania State University; Pennsylvania State University - University Park; Pennsylvania Commonwealth System of Higher Education (PCSHE); Old Dominion University; University of Alabama Tuscaloosa; University of Alabama System; Kansas State University,FXP-0668-2022,0.2169,0000-0001-5043-7575,0,1,0.0,1,100.0,0
"Marutha, Ngoako",100.0,1,0.2247,103,3,University of South Africa,E-9439-2017,0.2169,0000-0002-5679-4394,0,1,0.0,1,100.0,0
"Mwilongo, Kardo",100.0,1,1.7713,103,3,Mzumbe Univ,AAJ-4726-2020,1.3009000000000002,0000-0002-6442-2056,0,1,0.0,1,100.0,0
"Skarl, Susie",100.0,1,0.2419,103,3,University of Nevada Las Vegas; Nevada System of Higher Education (NSHE),FZM-5381-2022,0.1631,,0,1,0.0,1,100.0,0
"Manu, T.",100.0,1,0.5559000000000001,103,3,Indian Institute of Technology (IIT) - Delhi; Indian Institute of Technology System (IIT System); Asian Inst Gastroenterol,JWI-7008-2024,0.5379,,0,1,0.0,1,100.0,0
"Mitola, Rosan",100.0,1,0.2419,103,3,University of Nevada Las Vegas; Nevada System of Higher Education (NSHE),DHJ-4144-2022,0.1631,,0,1,0.0,1,100.0,0
"Abawajy, Jemal H",100.0,1,0.2584,103,3,Deakin University,A-1802-2008,0.43510000000000004,,0,1,0.0,1,100.0,0
"Ahmad, Masitah",100.0,1,0.2584,103,3,Multimedia University; Univ Teknol MARA; Universiti Teknologi MARA; Deakin University,AAU-2395-2020,0.43510000000000004,0000-0001-6804-1405,0,1,0.0,1,100.0,0
"Kim, Tai-Hoon",100.0,1,0.2584,103,3,"Chonnam National University; Zhejiang University of Science & Technology; Medytox Inc; University of Tasmania; Medytox Gwangkyo R&D Ctr; Global Campus Konkuk Univ; Beijing Jiaotong University; Konkuk University; Sungshin W Univ; Sungshin Women's University; National Disaster Management Research Institute (NDMI), Republic of Korea; GVSA; APAIS; Seoul National University (SNU); Sung Shin Womens Univ; Hannam University; Sungshin Womens Univ; Vignan's Foundation for Science, Technology & Research (VFSTR); Global Vis Sch Australia GVSA; Instituto Politecnico do Porto; Global Vision Sch; Hannan Univ; National Cancer Center - Korea (NCC); Universidad de Cartagena; Hannam Univ; Univ Hannam; GVSAT; Hannam Uni; Yonsei University; University of Alberta; E Wha Woman Univ; Heritage Institute of Technology (HITK); WOOJIN Inc; Ewha Womans University; Kyushu University",CZW-0666-2022,0.43510000000000004,0000-0003-0117-8102,0,1,0.0,1,100.0,0
"Del Bosque, Darcy",100.0,1,0.2419,103,3,University of Nevada Las Vegas; Nevada System of Higher Education (NSHE); University of Kansas; University of Texas at San Antonio (UTSA); University of Texas System; Texas A&M International University; Texas A&M University System,GEI-2786-2022,0.1631,0000-0002-2716-8984,0,1,0.0,1,100.0,0
"Muzvondiwa, Ishewakatipa",100.0,1,0.2247,103,3,Sol Plaatje Univ; University of South Africa,FNM-4390-2022,0.2169,,0,1,0.0,1,100.0,0
"Holley, Robert P",100.0,1,0.1042,120,2,Wayne State University; Yale University; University of Utah; Utah System of Higher Education; Univ Lib; ALA Comm Accreditat,A-3499-2014,0.1051,0000-0002-9011-6503,0,1,0.0,1,100.0,0
"Pomputius, Ariel",100.0,1,0.149,120,2,University of Florida; State University System of Florida,JFJ-5010-2023,0.1012,0000-0003-1731-4666,1,0,100.0,1,0.0,0
"Edwards, Mary E",100.0,1,0.149,120,2,University of Florida; State University System of Florida; University of Southampton; Univ Florida Hlth Sci Ctr Lib,E-9406-2012,0.1012,,1,0,100.0,1,0.0,0
"Norton, Hannah F",100.0,1,0.149,120,2,University of Florida; State University System of Florida; Univ Florida Hlth Sci Ctr Lib,D-8497-2011,0.1012,0000-0001-8062-2763,1,0,100.0,1,0.0,0
"Lee, Jungyeoun",100.0,1,0.37060000000000004,120,2,Joongbu University,KBL-8063-2024,0.35860000000000003,,1,0,100.0,1,0.0,0
"Tennant, Michele R.",100.0,1,0.149,120,2,Univ Florida Hlth Sci Ctr Lib; University of Florida; State University System of Florida; Univ Floridas; Genet Inst Inc,DZM-6270-2022,0.1012,0000-0002-8439-6772,1,0,100.0,1,0.0,0
"Thomas, Michele",100.0,1,0.0713,126,1,University of Arkansas System; University of Arkansas Fayetteville; University of Arkansas Little Rock,EBH-8944-2022,0.1027,,0,1,0.0,1,100.0,0
"Rehman, Shafiq Ur",100.0,1,0.1903,126,1,University of Agriculture Faisalabad; University of Punjab; Univ Agr Faisalabad; Imam Abdulrahman Bin Faisal University; University of Duisburg Essen; Umea University; Natl Seism Monitoring Ctr; Universite de Lille,A-5856-2017,0.5436,0000-0002-8169-0132,0,1,0.0,1,100.0,0
"Berndtson, Maija",100.0,1,0.0146,126,1,Helsinki City Lib; Finnish Lib Assoc; Espoo City Lib; IFLA; Bertelsmann Fdn,CGR-3001-2022,0.052500000000000005,,0,1,0.0,1,100.0,0
"Perez-Benito, Charo",100.0,1,0.07100000000000001,126,1,University of Sevilla,DWA-5538-2022,0.046200000000000005,0000-0002-8981-1736,1,0,100.0,1,0.0,0
"DeLancey, Laura",100.0,1,0.0521,126,1,Western Kentucky University,G-2828-2015,0.052500000000000005,0000-0002-1979-1928,0,1,0.0,1,100.0,0
"Mahmood, Khalid",100.0,1,0.1903,126,1,"University of Punjab; Sarhad Univ; Bahauddin Zakariya University; Gomal University; University of Engineering & Technology Lahore; Univ Engn & Technol Lahore; Cotton Res Inst; Baha Uddin Zakariya Univ; Bahauddin Zakariya Univ; HITEC University; Rothamsted Res North Wyke; Rothamsted Research; UK Research & Innovation (UKRI); Biotechnology and Biological Sciences Research Council (BBSRC); Hazara University; Washington University (WUSTL); Quaid E Azam Acad Educ Dev; Government College University Faisalabad; University of Balochistan; International Islamic University, Pakistan; Nuclear Institute for Agriculture & Biology - Pakistan; Abbottabad Univ Sci & Technol; Univ Okara; Imam Abdulrahman Bin Faisal University; Iqra Natl Univ; Cotton Res Stn; Iqra Natl Univ Peshawar; Ayub Agr Res Inst; University of Agriculture Faisalabad; Polytechnic University of Turin; University of Engineering & Technology Taxila; Vegetable Res Inst; Univ Punjab; Pakistan Lib Automat Grp",B-1160-2008,0.5436,0000-0003-1601-7168,0,1,0.0,1,100.0,0
"Scupola, Ada",100.0,1,0.1356,126,1,Roskilde University,DXL-8738-2022,0.1328,0000-0002-3537-7639,0,1,0.0,1,100.0,0
"Lobato, Carmen",100.0,1,0.07100000000000001,126,1,University of Sevilla,FIS-4712-2022,0.046200000000000005,,1,0,100.0,1,0.0,0
"Ingalls, Dana",100.0,1,0.07490000000000001,126,1,McGill University; Macdonald Campus Lib,CWB-3924-2022,0.0723,,0,1,0.0,1,100.0,0
"Wakimoto, Diana",100.0,1,0.1696,126,1,California State University East Bay; California State University System; Calif State Univ; CA State Univ; Calif State Univ Hayward; Queensland University of Technology (QUT); San Jose QUT Gateway Program; San Jose State University,DZO-6821-2022,0.1154,0000-0001-7358-3874,0,1,0.0,1,100.0,0
"Watson, Carol A.",100.0,1,0.0713,126,1,Cavan Monaghan Mental Hlth Serv; Bristol Myers Squibb Res & Early Dev; Bristol-Myers Squibb; University of Georgia; University System of Georgia; University of Iowa,DYK-2019-2022,0.1027,0000-0001-9830-5416,0,1,0.0,1,100.0,0
"Schultz, Lois",100.0,1,0.0521,126,1,Northern Kentucky University; Case Western Reserve University; University Hospitals of Cleveland; University System of Ohio,DQA-9423-2022,0.052500000000000005,,0,1,0.0,1,100.0,0
"Ordonez-Cocovi, Elvira",100.0,1,0.07100000000000001,126,1,University of Sevilla,DJP-9725-2022,0.046200000000000005,,1,0,100.0,1,0.0,0
"Burke, Susan",100.0,1,0.0381,126,1,University of Northern British Columbia; University of Oklahoma - Norman; University of Oklahoma System,EPL-3604-2022,0.0448,,1,0,100.0,1,0.0,0
"Dabney, L. Cindy",100.0,1,0.0713,126,1,Indiana University Bloomington; Indiana University System,DXF-6008-2022,0.1027,0000-0002-1235-4063,0,1,0.0,1,100.0,0
"Lawson, Emily",100.0,1,0.0713,126,1,RAND Corporation; University of Melbourne; King's College Hospital NHS Foundation Trust; Southern Illinois University; Southern Illinois University System; University of Arizona; University of Houston; University of Houston System,DCA-4081-2022,0.1027,0000-0003-4937-1884,0,1,0.0,1,100.0,0
"Sommer, Jamie N.",100.0,1,0.0713,126,1,State University of New York (SUNY) System; Northwestern University; Hop Chablais; Rensselaer Polytech Inst,DSA-3670-2022,0.1027,,0,1,0.0,1,100.0,0
"Striepe, T. J.",100.0,1,0.0713,126,1,University of Georgia; University System of Georgia,GDX-7732-2022,0.1027,,0,1,0.0,1,100.0,0
"Nicolajsen, Hanne Westh",100.0,1,0.1356,126,1,IT University Copenhagen; Aalborg University,DWV-3069-2022,0.1328,0000-0002-0158-5034,0,1,0.0,1,100.0,0
"Johnson, Liz McCurry",100.0,1,0.0713,126,1,Wake Forest University; YBP Lib Serv,CXJ-9179-2022,0.1027,,0,1,0.0,1,100.0,0
"Shafique, Farzana",100.0,1,0.1903,126,1,Imam Abdulrahman Bin Faisal University; Islamia University of Bahawalpur; Islamia Univ Bahawalpur; Islama Univ Bahawalpur; Al Akhdar Educ Movement; University of Punjab,GAA-3829-2022,0.5436,,0,1,0.0,1,100.0,0
"Smith, Kelly",100.0,1,0.0521,126,1,Eastern Kentucky University; University of North Carolina; University of North Carolina Chapel Hill,DXO-7476-2022,0.052500000000000005,0000-0002-7215-2586,0,1,0.0,1,100.0,0
"Strothmann, Molly",100.0,1,0.0381,126,1,Oklahoma State University - Stillwater; Oklahoma State University System; Univ Oklahoma Lib; University of Oklahoma - Norman; University of Oklahoma System,GEJ-4783-2022,0.0448,,1,0,100.0,1,0.0,0
"Runyon, Amanda",100.0,1,0.0713,126,1,University of Pennsylvania; University of Michigan; University of Michigan System; University of Texas Austin; University of Texas System,DPN-5684-2022,0.1027,,0,1,0.0,1,100.0,0
"Megerman, Shira",100.0,1,0.0713,126,1,University of Florida; State University System of Florida,FQJ-5044-2022,0.1027,,0,1,0.0,1,100.0,0
"Millan, Laura N. Fadrique",100.0,1,0.07100000000000001,126,1,Hospital del Rio Hortega; Dr Jose Molina Orosa Hosp; University of Basque Country; OWL; Owl Metabol; University of Sevilla,KHS-1489-2024,0.046200000000000005,,1,0,100.0,1,0.0,0
"Showers, Kristi",0.0,1,0.0,152,0,Springer,FWI-8611-2022,0.0,,1,0,100.0,0,0.0,0
"Janicki, Megan",0.0,1,0.0,152,0,Amer Lib Assoc,CWX-1415-2022,0.0,,0,1,0.0,0,100.0,0
"Koulouris, Alexandros",0.0,1,0.0,152,0,University of West Attica; Veria Cent Publ Lib; Vienna Univ Technol,AAZ-8002-2021,0.0,0000-0002-4011-2678,0,1,0.0,0,100.0,0
"Estrada, Carlos R",0.0,1,0.0,152,0,Harvard Medical School; Boston Children's Hospital; Harvard University; Harvard University Medical Affiliates; Universidad de Guadalajara; INPRFM,H-2199-2015,0.0,,0,1,0.0,0,100.0,0
"Alidousti, Sirous",0.0,1,0.0,152,0,Iranian Res Inst Informat Sci & Technol Irandoc; Iranian Res Inst Informat Sci & Technol IranDoc; Iranian Res Inst Informat Sci & Technol; Iranian Res Inst Sci Informat & Documentat; Iranian Res Inst Sci Informat & Documentat IranDo,G-5659-2015,0.0,0000-0002-2287-4724,1,0,100.0,0,0.0,0
"Buljubasic, Iva",0.0,1,0.0,152,0,University of JJ Strossmayer Osijek; Acad Arts & Culture Osijek; Dept Cultural Studies Osijek; JJ Strossamyer Univ Osijek; AC Buljubasic Ltd,KPA-8258-2024,0.0,,0,1,0.0,0,100.0,0
"BasirianJahromi, Reza",0.0,1,0.0,152,0,Bushehr Univ Med Sci; Shahid Chamran University of Ahvaz,AAH-7570-2021,0.0,0000-0002-8170-5728,0,1,0.0,0,100.0,0
"Guo, Qingrong",0.0,1,0.0,152,0,Yantai University; Xinjiang University; Environm Monitoring Ctr Guangdong Prov; Wuhan University of Technology,EYW-4842-2022,0.0,,0,1,0.0,0,100.0,0
"Briana, Maria",0.0,1,0.0,152,0,Harokopio University Athens; University of West Attica,CHO-9683-2022,0.0,,0,1,0.0,0,100.0,0
"Wang, Xuyan",0.0,1,0.0,152,0,82nd Grp Army Hosp Chinese Peoples Liberat Army; Beijing Normal University; Shanxi Hosp Integrated Tradit Chinese & Western Me; Key Lab Res & Dev Tradit Chinese Med Preparat; Shanxi Univ Tradit Chinese Med; Tianjin University; Lanzhou University; Huazhong University of Science & Technology; Wuhan University; Nanjing Res Inst Elect Technol; Zhengzhou University; State Grid Corporation of China; Xian Inst Space Radio Technol; Tianjin University of Technology; Beihua University; China Electronics Technology Group; Beijing University of Technology; Northwestern Polytechnical University,KMQ-5274-2024,0.0,0000-0003-1954-2603,0,1,0.0,0,100.0,0
"Richey, N",0.0,1,0.0,152,0,Western Kentucky University,FUI-7153-2022,0.0,,0,1,0.0,0,100.0,0
"Carrico, Steven B.",0.0,1,0.0,152,0,George A Smathers Lib; University of Florida; State University System of Florida,CHZ-1889-2022,0.0,,0,1,0.0,0,100.0,0
"Davis, Jim",0.0,1,0.0,152,0,Docuseek LLC,CMJ-4002-2022,0.0,,0,1,0.0,0,100.0,0
"Arthur, Michael",0.0,1,0.0,152,0,University of Alabama Tuscaloosa; University of Alabama System; University of Central Florida; State University System of Florida,HKK-3997-2023,0.0,0000-0002-7996-4915,1,0,100.0,0,0.0,0
"Shelton, Trey",0.0,1,0.0,152,0,University of Florida; State University System of Florida,FXF-2627-2022,0.0,,0,1,0.0,0,100.0,0
"Scali, Gemma",0.0,1,0.0,152,0,University of Macerata,MFB-9826-2025,0.0,,0,1,0.0,0,100.0,0
"Kaelin, Stephanie",0.0,1,0.0,152,0,,FCP-4016-2022,0.0,,1,0,100.0,0,0.0,0
"Lindell, Ann",0.0,1,0.0,152,0,University of Florida; State University System of Florida; Amer Lib Assoc,FIJ-5649-2022,0.0,,0,1,0.0,0,100.0,0
"McCleskey, S.",0.0,1,0.0,152,0,Cedars Sinai Medical Center; Hofstra University,DHU-6420-2022,0.0,,0,1,0.0,0,100.0,0
"McGinnis, R",0.0,1,0.0,152,0,Western Kentucky University; Med Ctr Hlth Educ & Dev; Wellcome Trust Sanger Institute,FLG-2082-2022,0.0,,0,1,0.0,0,100.0,0
"Davies, Beth",0.0,1,0.0,152,0,University of Sheffield; Sheffield Hallam University; University of London; Queen Mary University London; University of Brighton,HOR-0542-2023,0.0,,1,0,100.0,0,0.0,0
"Winterman, Brian",0.0,1,0.0,152,0,Indiana University Bloomington; Indiana University System,GJR-7581-2022,0.0,,0,1,0.0,0,100.0,0
"Kinder, Larry Sean",0.0,1,0.0,152,0,Western Kentucky University,FDN-2883-2022,0.0,,0,1,0.0,0,100.0,0
"Schulman, S.",0.0,1,0.0,152,0,Weill Cornell Medicine; Cornell University; New York Inst Humanities; Northwestern University; Lund University; College of Staten Island (CUNY); City University of New York (CUNY) System; Springer,DRT-5529-2022,0.0,,1,0,100.0,0,0.0,0
"Sahli, Farzane",0.0,1,0.0,152,0,Iranian Res Inst Informat Sci & Technol IranDoc; Iranian Res Inst Informat Sci & Technol Irandoc,FVJ-3463-2022,0.0,,1,0,100.0,0,0.0,0
"Li, Lei",0.0,1,0.0,152,0,Beijing Normal University,NLQ-3340-2025,0.0,,0,1,0.0,0,100.0,0
"Wu, Yuchen",0.0,1,0.0,152,0,"Xiamen University; Chongqing Medical University; Huazhong University of Science & Technology; Chinese Academy of Sciences; Institute of Microelectronics, CAS; Northeastern University - China; Tianjin Municipal Engn Sch; Shandong University of Science & Technology; University of Rochester; National Chung Hsing University; Chinese University of Hong Kong; Lanzhou Jiaotong University; Beijing Normal University; University of Science & Technology of China, CAS; Inner Mongolia University of Science & Technology; Shanghai Maritime University; Southwestern University of Finance & Economics - China; Southwest University - China; Zhejiang University; South China University of Technology; Shenzhen University; Renmin University of China; Kunming University of Science & Technology; Waseda University; Chang Gung University; University of Michigan; University of Michigan System; Dalian University of Technology; State Key Laboratory Surfactant Fine Chemistry; Anhui Science & Technology University; National Yang Ming Chiao Tung University; China University of Mining & Technology; National Taipei University of Technology; Chengdu University; MaxLinear, Inc.; Liaoning Petrochemical University; University of Ottawa; University of Waterloo; National University of Singapore; Wageningen University & Research",LOL-4364-2024,0.0,,0,1,0.0,0,100.0,0
"Liu, Zhao",0.0,1,0.0,152,0,Beijing Normal University,NMB-8173-2025,0.0,,0,1,0.0,0,100.0,0
"Asher, Andrew D",0.0,1,0.0,152,0,Western Sydney University; CSIRO Astronomy & Space; Commonwealth Scientific & Industrial Research Organisation (CSIRO); Indiana University System; Indiana Univ Bloomington Lib; Mathematica; Indiana University Bloomington,EKB-0214-2022,0.0,,0,1,0.0,0,100.0,0
"Mihaljevic, Jasminka",0.0,1,0.0,152,0,University of JJ Strossmayer Osijek; Fac Econ,J-4992-2018,0.0,,0,1,0.0,0,100.0,0
"Bryne, Amelia",0.0,1,0.0,152,0,DeepTechorg; Deep Tech; Concordia University - Canada,EPD-3569-2022,0.0,,0,1,0.0,0,100.0,0
"Lin, Na",0.0,1,0.0,152,0,Southwest Jiaotong University; Air Force Engineering University; Fujian Provincial Hospital; Xiamen University of Technology; Bohai University; Shandong University of Finance & Economics; Jilin Agricultural University; Rongcheng Hosp; Tianjin University; Inst Basic Res Clin Med,IMH-7125-2023,0.0,,0,1,0.0,0,100.0,0
"Prasolova, Polina S.",0.0,1,0.0,152,0,Belgorod State Inst Culture & Arts,HMK-3412-2023,0.0,,1,0,100.0,0,0.0,0
"Fischer, Christine",0.0,1,0.0,152,0,University of North Carolina Greensboro; University of North Carolina; University of Rostock; Leibniz Association; Leibniz Institut fur Katalyse e.V. an der Universitat Rostock (LIKAT),EVA-2791-2022,0.0,,0,1,0.0,0,100.0,0
"Ferris, T.",0.0,1,0.0,152,0,University of Leeds; Shoreline Community Coll,CQS-8623-2022,0.0,,0,1,0.0,0,100.0,0
"Bucknall, Tim M",0.0,1,0.0,152,0,University of North Carolina; University of North Carolina Greensboro; Carolina Consortium,B-5603-2008,0.0,,1,0,100.0,0,0.0,0
"Vraimaki, Eftichia",0.0,1,0.0,152,0,University of West Attica; Natl Lib Greece; Democritus University of Thrace,AAS-1747-2020,0.0,,0,1,0.0,0,100.0,0
"Sato, Ayumi",0.0,1,0.0,152,0,Seikei University,HVV-7883-2023,0.0,,0,1,0.0,0,100.0,0
"Minami, Toshiro",0.0,1,0.0,152,0,Kyushu Inst Informat Sci; GlobalWafers Japan Co Ltd; KIIS; Kyushu University; Kyushu Univ Lib; Covalent Mat Corp; Covalent Silicon Corp,DGQ-1671-2022,0.0,,0,1,0.0,0,100.0,0
"Bryant, Lauren",0.0,1,0.0,152,0,Shoreline Community College; Shoreline Community Coll,KAI-6599-2024,0.0,0000-0002-7477-9155,0,1,0.0,0,100.0,0
"Koloniari, Maria",0.0,1,0.0,152,0,University of West Attica; National & Kapodistrian University of Athens,I-6354-2019,0.0,0000-0003-2905-2085,0,1,0.0,0,100.0,0
"Cataldo, Tara",0.0,1,0.0,152,0,University of Florida; State University System of Florida,ITZ-5197-2023,0.0,,0,1,0.0,0,100.0,0
"Boric, Marta",0.0,1,0.0,152,0,University of Zagreb; University of JJ Strossmayer Osijek; Dept Cultural Studies; Sestre Milosrdnice Univ Hosp,CHE-3639-2022,0.0,,0,1,0.0,0,100.0,0
"Milewski, Steven",0.0,1,0.0,152,0,University of Tennessee Knoxville; University of Tennessee System,IMZ-0177-2023,0.0,,0,1,0.0,0,100.0,0
"BRENER, F",0.0,1,0.0,152,0,Universidad de Guadalajara; HealOr Ltd,ENR-4344-2022,0.0,,0,1,0.0,0,100.0,0
"Muneja, Paul Samwel",0.0,1,0.0,152,0,University of Dar es Salaam,IXW-9127-2023,0.0,,0,1,0.0,0,100.0,0
"Erfanmanesh, Mohammadamin",0.0,1,0.0,152,0,Universiti Malaya; University of Isfahan; Shahid Beheshti University,G-4512-2017,0.0,0000-0002-1843-0012,0,1,0.0,0,100.0,0
"Merlo Vega, José Antonio",0.0,1,0.0,152,0,University of Oviedo; Universidad Autonoma de Chile; University of Salamanca; CooperVis Inc; CINVESTAV - Centro de Investigacion y de Estudios Avanzados del Instituto Politecnico Nacional; Fdn German Sanchez Ruiperez,C-3968-2009,0.0,0000-0002-9102-4408,1,0,100.0,0,0.0,0

Filter Summary:
Dataset: Web of Science 22102025:182853 + ESCI
Schema:  Web of Science
Person ID Type Group:  WoS Researcher Profile
Domestic/International Collaboration:  All
"Time Period:  [2010, 2025]"
Include Early Access documents:  true
Person ID Type:  All
Funding Data Source:  All Sources

"Exported date  Oct 22, 2025. "
"InCites dataset updated  2025-10-17. Includes Web of Science content indexed through 2025-09-30. "

